booking_id,site_id,customer_id,start_date,end_date,value_inr
B-2203,HRD-100,CUST-39,2025-09-06,2026-01-04,727190
B-2202,HRD-100,CUST-48,2026-02-18,2026-08-17,1087611
B-2201,HRD-100,CUST-48,2026-08-17,2026-11-15,570551
B-2206,HRD-101,CUST-34,2025-11-04,2026-03-04,521242
B-2205,HRD-101,CUST-33,2026-03-04,2026-06-02,407768
B-2204,HRD-101,CUST-36,2026-06-17,2026-10-15,521300
B-2208,HRD-102,CUST-43,2026-04-19,2026-07-18,582324
B-2207,HRD-102,CUST-33,2026-07-18,2026-11-15,747039
B-2210,HRD-103,CUST-44,2026-02-01,2026-05-02,789827
B-2209,HRD-103,CUST-35,2026-05-02,2026-08-30,1041189
B-2213,HRD-104,CUST-46,2025-09-06,2025-12-05,744136
B-2212,HRD-104,CUST-42,2025-12-05,2026-06-03,1519344
B-2211,HRD-104,CUST-41,2026-07-18,2026-11-15,1024286
B-2215,HRD-105,CUST-49,2026-01-01,2026-05-01,528692
B-2214,HRD-105,CUST-30,2026-05-01,2026-10-28,721499
B-2218,HRD-106,CUST-30,2025-11-04,2026-03-04,1599331
B-2217,HRD-106,CUST-44,2026-03-04,2026-07-02,1631903
B-2216,HRD-106,CUST-32,2026-07-02,2026-09-30,1220537
B-2219,HRD-107,CUST-36,2026-07-17,2026-10-15,787219
B-2222,HRD-108,CUST-42,2025-11-19,2026-03-19,520749
B-2221,HRD-108,CUST-45,2026-03-19,2026-06-17,391648
B-2220,HRD-108,CUST-45,2026-07-02,2026-09-30,360883
B-2223,HRD-109,CUST-40,2026-07-18,2026-11-15,1617118
B-2226,HRD-110,CUST-40,2025-09-19,2026-01-17,525726
B-2225,HRD-110,CUST-35,2026-02-01,2026-07-31,730822
B-2224,HRD-110,CUST-48,2026-07-31,2026-11-28,463525
B-2229,HRD-111,CUST-42,2026-01-19,2026-05-19,723576
B-2228,HRD-111,CUST-39,2026-05-19,2026-08-17,577068
B-2227,HRD-111,CUST-45,2026-08-17,2026-11-15,544637
B-2230,HRD-112,CUST-38,2026-08-01,2026-10-30,575277
B-2231,HRD-113,CUST-32,2026-07-18,2026-11-15,505388
B-2234,HRD-114,CUST-42,2025-05-24,2025-11-20,755372
B-2233,HRD-114,CUST-44,2026-01-04,2026-07-03,701518
B-2232,HRD-114,CUST-40,2026-08-17,2026-11-15,356874
B-2236,HRD-115,CUST-40,2026-01-04,2026-05-04,1027823
B-2235,HRD-115,CUST-44,2026-05-19,2026-11-15,1545806
B-2237,HRD-116,CUST-32,2026-06-01,2026-11-28,719711
B-2239,HRD-117,CUST-33,2026-03-19,2026-06-17,794175
B-2238,HRD-117,CUST-31,2026-07-02,2026-10-30,1040917
B-2241,HRD-118,CUST-47,2026-01-15,2026-04-15,765027
B-2240,HRD-118,CUST-43,2026-04-30,2026-08-28,1024231
B-2243,HRD-119,CUST-31,2026-03-04,2026-07-02,1649634
B-2242,HRD-119,CUST-39,2026-07-02,2026-10-30,1584668
B-2244,HRD-120,CUST-34,2026-06-17,2026-09-15,404677
B-2246,HRD-121,CUST-40,2026-01-18,2026-04-18,568863
B-2245,HRD-121,CUST-46,2026-04-18,2026-10-15,1120085
B-2247,HRD-122,CUST-39,2026-04-17,2026-08-15,1635381
B-2248,HRD-123,CUST-32,2026-04-01,2026-09-28,1116811
B-2249,HRD-124,CUST-31,2026-04-18,2026-10-15,749051
